"","Mod","Domain","Dimen","Sample","C_Smoothness","C_Range","Neighbors","Seed_off","MSE_Laplace","MSE_VL","MSE_VL_z","MSE_LowRank","LS_Laplace","LS_VL","LS_VL_z","LS_LowRank","Time_Laplace","Time_VL","Time_VL_z","Time_LowRank","Iter_Laplace","Iter_VL","Iter_VL_z","Iter_LowRank"
"1",2,10,2,32400,0.5,0.3,10,277867,1.069012,0.3900099,0.4285467,0.8609434,0,0,0,0,-1,4.233631,4.621321,2.175395,-1,6,6,4
"2",3,10,2,32400,0.5,0.3,10,521458,1.017448,0.2303679,0.2323298,0.4988625,0,0,0,0,-1,18.0923,23.03252,17.83587,-1,31,33,36
"3",4,10,2,32400,0.5,0.3,10,930070,0.9364489,0.1830178,0.1756886,0.3771573,0,0,0,0,-1,6.558005,8.345377,3.78477,-1,11,11,7
"4",2,10,2,74529,0.5,0.3,10,657146,0.9754367,0.3024808,0.3694938,0.8017471,0,0,0,0,-1,7.803896,9.02107,4.697067,-1,6,6,4
"5",3,10,2,74529,0.5,0.3,10,860273,1.10004,0.1794345,0.1922889,0.5309379,0,0,0,0,-1,43.82634,55.09719,40.95731,-1,34,35,36
"6",4,10,2,74529,0.5,0.3,10,468328,1.012566,0.1429845,0.1377674,0.397763,0,0,0,0,-1,17.37266,20.59834,9.637305,-1,13,13,8
"7",2,10,2,149769,0.5,0.3,10,240150,0.9779511,0.2392182,0.3261513,0.7915767,0,0,0,0,-1,18.47006,20.40641,12.35892,-1,7,6,5
"8",3,10,2,149769,0.5,0.3,10,636017,0.9186016,0.1476936,0.1553768,0.4496877,0,0,0,0,-1,107.5396,144.8599,85.14018,-1,41,45,39
"9",4,10,2,149769,0.5,0.3,10,884011,0.9956206,0.1116036,0.107515,0.3925905,0,0,0,0,-1,45.01769,47.12219,18.02831,-1,17,15,8
"10",2,10,2,302500,0.5,0.3,10,458643,1.018531,0.1890061,0.3082232,0.8157213,0,0,0,0,-1,36.90309,37.29689,22.74295,-1,7,6,5
"11",3,10,2,302500,0.5,0.3,10,639701,1.073633,0.1117166,0.1413527,0.5108603,0,0,0,0,-1,160.3647,193.2826,143.705,-1,29,31,32
"12",4,10,2,302500,0.5,0.3,10,216396,1.071727,0.08580251,0.0836356,0.3825014,0,0,0,0,-1,103.0288,97.73957,36.15856,-1,19,15,8
"13",2,10,2,32400,0.5,0.3,10,839202,0.9888522,0.3799974,0.4173292,0.8031315,0,0,0,0,-1,4.030073,3.912404,2.048669,-1,7,6,4
"14",3,10,2,32400,0.5,0.3,10,391904,1.111761,0.2323729,0.2350103,0.5225901,0,0,0,0,-1,15.95338,20.75351,17.92466,-1,27,29,32
"15",4,10,2,32400,0.5,0.3,10,22025,0.9912154,0.1818374,0.1737487,0.3868455,0,0,0,0,-1,7.241962,10.17805,4.076709,-1,13,14,8
"16",2,10,2,74529,0.5,0.3,10,132940,0.985497,0.2996424,0.3645532,0.8100399,0,0,0,0,-1,7.8318,10.15413,5.140936,-1,6,6,4
"17",3,10,2,74529,0.5,0.3,10,435518,0.9996332,0.1774256,0.1788145,0.4532422,0,0,0,0,-1,59.40879,70.66236,48.7791,-1,44,44,41
"18",4,10,2,74529,0.5,0.3,10,358205,1.017691,0.1332819,0.128301,0.3958896,0,0,0,0,-1,22.91539,23.67465,9.515712,-1,17,15,8
"19",2,10,2,149769,0.5,0.3,10,532616,0.9614338,0.2461106,0.3283149,0.7679586,0,0,0,0,-1,15.54247,18.45647,10.9131,-1,6,6,5
"20",3,10,2,149769,0.5,0.3,10,136123,0.990691,0.1510724,0.1676115,0.4823217,0,0,0,0,-1,59.25994,72.85051,47.9161,-1,23,24,22
"21",4,10,2,149769,0.5,0.3,10,995407,0.97077,0.1079254,0.104367,0.3883074,0,0,0,0,-1,43.63905,45.80762,17.61477,-1,17,15,8
"22",2,10,2,302500,0.5,0.3,10,936421,0.9808777,0.1935581,0.3055221,0.8005224,0,0,0,0,-1,40.16346,41.68858,18.63311,-1,7,6,4
"23",3,10,2,302500,0.5,0.3,10,284158,1.002524,0.1126996,0.139432,0.5059883,0,0,0,0,-1,163.9959,203.4658,116.003,-1,31,32,25
"24",4,10,2,302500,0.5,0.3,10,129864,0.922517,0.08876924,0.08813968,0.3844889,0,0,0,0,-1,138.0693,103.5587,35.10212,-1,26,17,8
"25",2,10,2,32400,0.5,0.3,10,457144,1.027244,0.385011,0.4186926,0.8101629,0,0,0,0,-1,4.209161,4.635478,2.690795,-1,6,6,5
"26",3,10,2,32400,0.5,0.3,10,742298,1.013666,0.216272,0.2173727,0.4755627,0,0,0,0,-1,12.80214,15.70958,12.22481,-1,22,22,24
"27",4,10,2,32400,0.5,0.3,10,212258,1.004538,0.1676842,0.1602642,0.3905926,0,0,0,0,-1,8.455435,9.587046,4.304389,-1,14,13,8
"28",2,10,2,74529,0.5,0.3,10,926048,1.059206,0.2942192,0.3717829,0.8554744,0,0,0,0,-1,8.041623,9.922539,4.944904,-1,6,6,4
"29",3,10,2,74529,0.5,0.3,10,564253,0.9932149,0.1793316,0.1874603,0.4856934,0,0,0,0,-1,24.50073,29.86078,22.99519,-1,19,19,20
"30",4,10,2,74529,0.5,0.3,10,331416,0.9691598,0.1413983,0.1364469,0.3832527,0,0,0,0,-1,40.5172,29.30011,9.153502,-1,31,19,8
"31",2,10,2,149769,0.5,0.3,10,709403,0.9151618,0.2438659,0.3197334,0.7468046,0,0,0,0,-1,16.185,18.89384,11.08396,-1,6,6,5
"32",3,10,2,149769,0.5,0.3,10,969033,1.057774,0.1400078,0.156294,0.4831209,0,0,0,0,-1,70.91304,91.0981,63.33368,-1,28,29,29
"33",4,10,2,149769,0.5,0.3,10,649662,0.9846113,0.1086793,0.1053833,0.393085,0,0,0,0,-1,39.76436,45.75763,20.82397,-1,15,14,9
"34",2,10,2,302500,0.5,0.3,10,732359,0.9637689,0.1973668,0.3038662,0.7742952,0,0,0,0,-1,40.59695,38.29344,17.89465,-1,7,6,4
"35",3,10,2,302500,0.5,0.3,10,909121,0.8994718,0.1145081,0.1273136,0.4286618,0,0,0,0,-1,219.0022,239.6467,165.3855,-1,40,38,36
"36",4,10,2,302500,0.5,0.3,10,101767,0.9602874,0.08594333,0.08422501,0.3850672,0,0,0,0,-1,106.6926,106.5304,40.79155,-1,19,16,9
"37",2,10,2,32400,0.5,0.3,10,91710,0.9824631,0.3843636,0.4206819,0.804276,0,0,0,0,-1,3.361059,4.037811,2.021634,-1,6,6,4
"38",3,10,2,32400,0.5,0.3,10,387682,0.9948989,0.2166708,0.2151817,0.4675461,0,0,0,0,-1,18.73634,24.3187,16.01091,-1,31,33,30
"39",4,10,2,32400,0.5,0.3,10,150814,0.9296601,0.1760795,0.1694389,0.3711433,0,0,0,0,-1,7.613931,9.241682,3.380624,-1,14,13,7
"40",2,10,2,74529,0.5,0.3,10,26496,1.068792,0.3020791,0.3747632,0.8530505,0,0,0,0,-1,8.276868,9.675688,5.009335,-1,6,6,4
"41",3,10,2,74529,0.5,0.3,10,777524,1.074384,0.1804557,0.1896984,0.4919006,0,0,0,0,-1,30.94004,40.95151,30.0145,-1,24,26,26
"42",4,10,2,74529,0.5,0.3,10,879421,0.9425705,0.1384219,0.1335008,0.3790235,0,0,0,0,-1,17.38018,20.26453,9.004955,-1,13,13,8
"43",2,10,2,149769,0.5,0.3,10,502254,0.9360907,0.2487076,0.3262336,0.7529728,0,0,0,0,-1,15.54049,18.45494,11.06785,-1,6,6,5
"44",3,10,2,149769,0.5,0.3,10,301419,0.9738296,0.1556586,0.1708727,0.4989329,0,0,0,0,-1,92.55159,112.9502,71.58661,-1,35,35,32
"45",4,10,2,149769,0.5,0.3,10,360907,1.049766,0.1128069,0.1093606,0.4023524,0,0,0,0,-1,71.83277,57.25641,17.43046,-1,28,18,8
"46",2,10,2,302500,0.5,0.3,10,738861,0.9880394,0.2005123,0.3081567,0.7995617,0,0,0,0,-1,38.71625,38.27963,22.89151,-1,7,6,5
"47",3,10,2,302500,0.5,0.3,10,915244,1.049624,0.1104005,0.1309646,0.4773639,0,0,0,0,-1,175.0073,222.2406,141.3896,-1,32,35,31
"48",4,10,2,302500,0.5,0.3,10,301899,0.9757068,0.09309037,0.09201011,0.3940685,0,0,0,0,-1,98.06825,96.26178,43.33641,-1,18,15,9
"49",2,10,2,32400,0.5,0.3,10,822620,0.9291029,0.3614458,0.400135,0.7681139,0,0,0,0,-1,3.31158,4.075436,1.953098,-1,6,6,4
"50",3,10,2,32400,0.5,0.3,10,155126,1.040306,0.2214814,0.2206923,0.4747202,0,0,0,0,-1,18.2029,22.39421,18.93129,-1,30,31,35
"51",4,10,2,32400,0.5,0.3,10,430376,1.036935,0.1740466,0.1670649,0.4059594,0,0,0,0,-1,7.811945,9.798661,4.180884,-1,13,13,8
"52",2,10,2,74529,0.5,0.3,10,262939,1.028359,0.298743,0.371055,0.8212186,0,0,0,0,-1,9.582057,9.534596,6.048012,-1,7,6,5
"53",3,10,2,74529,0.5,0.3,10,915091,0.9930632,0.1771516,0.1859881,0.4945978,0,0,0,0,-1,54.0622,79.52643,44.98093,-1,42,50,40
"54",4,10,2,74529,0.5,0.3,10,830832,0.9568199,0.1303896,0.1249114,0.3906616,0,0,0,0,-1,19.76295,24.087,9.358761,-1,15,15,8
"55",2,10,2,149769,0.5,0.3,10,155542,0.9684064,0.2488077,0.3323449,0.7796898,0,0,0,0,-1,18.74114,18.74203,11.52158,-1,7,6,5
"56",3,10,2,149769,0.5,0.3,10,738852,0.9612346,0.142628,0.1551142,0.4710827,0,0,0,0,-1,66.90725,78.36277,57.84685,-1,26,25,25
"57",4,10,2,149769,0.5,0.3,10,815671,0.9900517,0.1148243,0.1106436,0.3932808,0,0,0,0,-1,55.9732,48.40889,19.66179,-1,22,16,9
"58",2,10,2,302500,0.5,0.3,10,870908,1.04458,0.1973626,0.3205839,0.8470995,0,0,0,0,-1,38.09589,36.84277,17.86695,-1,7,6,4
"59",3,10,2,302500,0.5,0.3,10,30613,0.9698126,0.1233338,0.1488742,0.5074399,0,0,0,0,-1,130.4845,162.7512,113.4608,-1,23,25,25
"60",4,10,2,302500,0.5,0.3,10,62159,0.9878418,0.08394122,0.08215123,0.377625,0,0,0,0,-1,120.8265,100.7466,40.29842,-1,22,16,9
"61",2,10,2,32400,0.5,0.3,10,166666,1.024488,0.3887793,0.4251558,0.8295208,0,0,0,0,-1,3.474039,3.977674,1.998793,-1,6,6,4
"62",3,10,2,32400,0.5,0.3,10,863102,1.056589,0.2366118,0.2416714,0.492337,0,0,0,0,-1,12.9235,18.66384,12.94853,-1,23,25,24
"63",4,10,2,32400,0.5,0.3,10,145107,0.9790527,0.1720476,0.1654162,0.3909271,0,0,0,0,-1,8.049748,8.632119,3.876472,-1,13,12,7
"64",2,10,2,74529,0.5,0.3,10,384080,1.037929,0.2976667,0.3633566,0.8443381,0,0,0,0,-1,8.110294,9.648262,4.690667,-1,6,6,4
"65",3,10,2,74529,0.5,0.3,10,84980,1.003156,0.1898661,0.1972872,0.4996508,0,0,0,0,-1,35.815,42.79042,28.25088,-1,27,27,24
"66",4,10,2,74529,0.5,0.3,10,783727,0.9204341,0.1285461,0.1228258,0.3777967,0,0,0,0,-1,22.74273,22.01269,9.271375,-1,17,14,8
"67",2,10,2,149769,0.5,0.3,10,965486,1.021275,0.251031,0.3449054,0.8348932,0,0,0,0,-1,18.33714,18.29154,9.24187,-1,7,6,4
"68",3,10,2,149769,0.5,0.3,10,175201,1.030196,0.136759,0.1504676,0.4774251,0,0,0,0,-1,79.81846,101.5929,74.48623,-1,30,33,33
"69",4,10,2,149769,0.5,0.3,10,276,1.016242,0.1149065,0.1111131,0.3921439,0,0,0,0,-1,42.5994,42.25583,18.23107,-1,16,14,8
"70",2,10,2,302500,0.5,0.3,10,749064,0.9943178,0.2043156,0.3164892,0.8078836,0,0,0,0,-1,39.83216,39.6667,23.23039,-1,7,6,5
"71",3,10,2,302500,0.5,0.3,10,107335,0.9427849,0.1252511,0.1457721,0.4833354,0,0,0,0,-1,203.4984,246.3417,185.113,-1,38,40,42
"72",4,10,2,302500,0.5,0.3,10,703261,1.011103,0.08710609,0.08626535,0.3890593,0,0,0,0,-1,103.178,96.82153,41.76205,-1,19,15,9
"73",2,10,2,32400,0.5,0.3,10,43242,0.9872318,0.3657891,0.4081809,0.7983997,0,0,0,0,-1,3.348136,4.021598,1.996468,-1,6,6,4
"74",3,10,2,32400,0.5,0.3,10,438623,0.9368921,0.2225809,0.2280897,0.5102973,0,0,0,0,-1,8.512413,9.909322,7.916718,-1,14,14,15
"75",4,10,2,32400,0.5,0.3,10,771851,1.00284,0.1738669,0.1657258,0.3810535,0,0,0,0,-1,7.862085,9.235914,4.222578,-1,13,13,8
"76",2,10,2,74529,0.5,0.3,10,586771,0.9419546,0.3037393,0.3582613,0.7801836,0,0,0,0,-1,7.800853,10.01059,4.721087,-1,6,6,4
"77",3,10,2,74529,0.5,0.3,10,711848,0.8765385,0.1842514,0.1924679,0.4743223,0,0,0,0,-1,31.04953,37.33374,27.28828,-1,24,24,24
"78",4,10,2,74529,0.5,0.3,10,347551,0.9621515,0.1359691,0.1311885,0.3810766,0,0,0,0,-1,22.62532,22.89765,13.47743,-1,17,14,11
"79",2,10,2,149769,0.5,0.3,10,307745,0.8733763,0.2380367,0.3119358,0.7260236,0,0,0,0,-1,16.15515,19.38472,9.596256,-1,6,6,4
"80",3,10,2,149769,0.5,0.3,10,394813,1.025653,0.1488744,0.1634875,0.4858974,0,0,0,0,-1,96.67032,120.1718,84.3735,-1,37,38,37
"81",4,10,2,149769,0.5,0.3,10,896149,0.9483106,0.1081978,0.1040716,0.3869604,0,0,0,0,-1,45.61377,44.53998,18.92674,-1,17,14,8
"82",2,10,2,302500,0.5,0.3,10,940593,1.062177,0.1930261,0.3213531,0.8492773,0,0,0,0,-1,39.1852,36.67916,22.2606,-1,7,6,5
"83",3,10,2,302500,0.5,0.3,10,469294,0.9859593,0.1137157,0.138128,0.4880515,0,0,0,0,-1,248.4236,331.8806,149.9945,-1,46,50,33
"84",4,10,2,302500,0.5,0.3,10,448828,0.9913483,0.09235763,0.08991334,0.3860601,0,0,0,0,-1,144.5611,106.2354,49.93992,-1,26,17,11
"85",2,10,2,32400,0.5,0.3,10,342450,1.015285,0.375739,0.4231694,0.8258097,0,0,0,0,-1,3.758633,4.217129,1.927835,-1,6,6,4
"86",3,10,2,32400,0.5,0.3,10,431891,1.05494,0.2116696,0.2150056,0.4806725,0,0,0,0,-1,18.13343,26.0349,14.30772,-1,33,35,29
"87",4,10,2,32400,0.5,0.3,10,750381,0.96476,0.1834456,0.1764419,0.3878402,0,0,0,0,-1,7.305783,9.036539,3.786897,-1,12,12,7
"88",2,10,2,74529,0.5,0.3,10,494627,1.028734,0.3028067,0.3690537,0.8293759,0,0,0,0,-1,8.092813,9.397629,4.679482,-1,6,6,4
"89",3,10,2,74529,0.5,0.3,10,355544,0.9859528,0.1831237,0.1896991,0.4729367,0,0,0,0,-1,50.37652,67.06885,54.32386,-1,39,42,48
"90",4,10,2,74529,0.5,0.3,10,973298,1.005102,0.1379359,0.1331349,0.3891208,0,0,0,0,-1,18.37519,20.62498,8.92572,-1,14,13,8
"91",2,10,2,149769,0.5,0.3,10,569463,0.9784614,0.2469969,0.3291802,0.7962525,0,0,0,0,-1,18.985,17.77097,9.125886,-1,7,6,4
"92",3,10,2,149769,0.5,0.3,10,365156,0.896958,0.1419968,0.1497131,0.4510242,0,0,0,0,-1,80.45928,100.6477,68.37148,-1,31,32,31
"93",4,10,2,149769,0.5,0.3,10,243569,1.025074,0.1102404,0.1064238,0.3923018,0,0,0,0,-1,49.55625,51.32312,18.20315,-1,19,16,8
"94",2,10,2,302500,0.5,0.3,10,759782,0.9843134,0.2010807,0.3090291,0.8031051,0,0,0,0,-1,33.21543,39.33825,18.12669,-1,6,6,4
"95",3,10,2,302500,0.5,0.3,10,779872,1.040368,0.1229534,0.1434517,0.4806978,0,0,0,0,-1,203.3602,266.044,163.9354,-1,37,41,36
"96",4,10,2,302500,0.5,0.3,10,100604,1.033531,0.08964996,0.08877846,0.3908799,0,0,0,0,-1,93.47514,84.93091,36.85994,-1,17,14,8
"97",2,10,2,32400,0.5,0.3,10,362296,0.9949701,0.3930911,0.4294281,0.8127905,0,0,0,0,-1,3.519889,4.21216,2.053378,-1,6,6,4
"98",3,10,2,32400,0.5,0.3,10,191484,0.9719494,0.2279515,0.2287242,0.489653,0,0,0,0,-1,11.2586,13.42886,10.53062,-1,19,19,20
"99",4,10,2,32400,0.5,0.3,10,434409,0.9657916,0.1730725,0.166649,0.3846102,0,0,0,0,-1,7.016546,8.251613,4.749028,-1,12,12,9
"100",2,10,2,74529,0.5,0.3,10,651798,1.075933,0.3047232,0.3804141,0.87518,0,0,0,0,-1,7.793661,10.07311,5.066165,-1,6,6,4
"101",3,10,2,74529,0.5,0.3,10,455950,1.056743,0.1723331,0.1781042,0.4696573,0,0,0,0,-1,44.05633,55.17972,39.09367,-1,34,36,35
"102",4,10,2,74529,0.5,0.3,10,93005,1.024501,0.1320544,0.1266538,0.4005057,0,0,0,0,-1,16.71741,17.46037,9.151815,-1,12,11,8
"103",2,10,2,149769,0.5,0.3,10,37454,0.9583445,0.2540508,0.3369708,0.780753,0,0,0,0,-1,15.82071,18.36517,10.88108,-1,6,6,5
"104",3,10,2,149769,0.5,0.3,10,440931,0.9681505,0.1525659,0.1705395,0.5033218,0,0,0,0,-1,102.8576,130.5634,90.21556,-1,40,42,42
"105",4,10,2,149769,0.5,0.3,10,272806,1.038795,0.1127218,0.1098678,0.3985196,0,0,0,0,-1,47.20462,44.90194,17.82072,-1,18,15,8
"106",2,10,2,302500,0.5,0.3,10,218322,0.9983468,0.2045455,0.3155071,0.805425,0,0,0,0,-1,37.8576,36.75568,22.5487,-1,7,6,5
"107",3,10,2,302500,0.5,0.3,10,18627,0.9950698,0.1247198,0.152702,0.5273458,0,0,0,0,-1,135.6797,166.4527,106.0189,-1,25,25,23
"108",4,10,2,302500,0.5,0.3,10,31133,0.9164686,0.0936999,0.09229761,0.382539,0,0,0,0,-1,77.30209,77.89244,35.17649,-1,14,13,8
"109",2,10,2,32400,0.5,0.3,10,380962,1.020079,0.3935184,0.4203231,0.8142235,0,0,0,0,-1,3.343487,3.991914,2.351663,-1,6,6,5
"110",3,10,2,32400,0.5,0.3,10,248895,1.040273,0.2168954,0.2191398,0.4912107,0,0,0,0,-1,18.93476,22.35474,17.06015,-1,33,33,34
"111",4,10,2,32400,0.5,0.3,10,528433,0.9576089,0.1693155,0.1621711,0.3938827,0,0,0,0,-1,6.895245,8.04607,4.6475,-1,12,11,8
"112",2,10,2,74529,0.5,0.3,10,569428,0.9564406,0.2956471,0.3570065,0.7888875,0,0,0,0,-1,8.370002,10.53874,4.877834,-1,6,6,4
"113",3,10,2,74529,0.5,0.3,10,449641,0.9824281,0.1837481,0.1927959,0.4797246,0,0,0,0,-1,35.94297,46.53802,34.09047,-1,28,28,29
"114",4,10,2,74529,0.5,0.3,10,797765,1.001243,0.1351628,0.1304455,0.3955293,0,0,0,0,-1,21.8332,23.83977,9.222698,-1,16,15,8
"115",2,10,2,149769,0.5,0.3,10,504428,1.148329,0.23746,0.3486001,0.9058978,0,0,0,0,-1,17.59215,18.27569,11.39861,-1,7,6,5
"116",3,10,2,149769,0.5,0.3,10,612425,0.9674147,0.1495993,0.1609807,0.4748427,0,0,0,0,-1,73.27366,101.8524,59.19153,-1,29,34,27
"117",4,10,2,149769,0.5,0.3,10,183994,1.11347,0.1076746,0.1044081,0.4102724,0,0,0,0,-1,35.42473,41.01063,19.22216,-1,13,13,8
"118",2,10,2,302500,0.5,0.3,10,202054,0.959122,0.2007228,0.3082159,0.7727462,0,0,0,0,-1,39.31658,37.53295,22.86743,-1,7,6,5
"119",3,10,2,302500,0.5,0.3,10,889440,1.070545,0.1196281,0.1461389,0.5095809,0,0,0,0,-1,185.082,228.3797,157.0254,-1,34,37,35
"120",4,10,2,302500,0.5,0.3,10,973043,1.022629,0.08622655,0.08560606,0.4005822,0,0,0,0,-1,103.8601,102.9139,36.12634,-1,19,16,8
"121",2,10,2,256,0.5,0.3,10,161341,0.8735235,0.8713614,0.8740948,0.8837358,-345.1195,-345.2559,-345.0656,-347.6096,0.1150517,0.1648722,0.0609324,0.04025698,4,4,4,4
"122",3,10,2,256,0.5,0.3,10,933983,0.5162063,0.5181171,0.5160909,0.5176272,-265.2843,-266.4565,-265.2115,-268.0317,0.2265453,0.1196213,0.1116939,0.07037544,8,8,8,8
"123",4,10,2,256,0.5,0.3,10,22938,0.3988812,0.3995761,0.3989476,0.3915003,-237.9311,-239.9294,-237.9305,-236.144,0.1529548,0.09300351,0.1305068,0.1140723,8,7,7,7
"124",2,10,2,625,0.5,0.3,10,191394,0.7654777,0.7656863,0.7677458,0.8028446,-784.2671,-790.9077,-784.6163,-816.502,0.6863878,0.07534838,0.08622599,0.0521884,4,4,4,4
"125",3,10,2,625,0.5,0.3,10,331205,0.4866789,0.4867988,0.4871876,0.5062282,-618.4723,-621.7653,-618.5917,-648.6508,1.194486,0.2056608,0.234544,0.1553869,12,12,12,12
"126",4,10,2,625,0.5,0.3,10,539050,0.3733888,0.3711062,0.3742294,0.3795857,-564.3111,-562.7957,-564.6213,-573.2213,0.7319419,0.1286449,0.2855413,0.1098487,8,7,7,7
"127",2,10,2,1089,0.5,0.3,10,699859,0.7231582,0.7300635,0.724576,0.7738439,-1300.747,-1326.61,-1302.601,-1406.216,1.468021,0.1267209,0.2553136,0.09185004,4,4,5,4
"128",3,10,2,1089,0.5,0.3,10,586570,0.4112421,0.4195539,0.4106783,0.4388879,-1002.726,-1021.966,-1002.868,-1061.371,3.618706,0.3411574,0.4325569,0.3312616,16,15,15,16
"129",4,10,2,1089,0.5,0.3,10,941104,0.3409412,0.3473029,0.3417707,0.3749631,-925.5472,-943.3133,-926.0855,-1005.133,2.344436,0.1995344,0.4430473,0.1754682,8,8,8,8
"130",2,10,2,2025,0.5,0.3,10,205955,0.6880243,0.7060955,0.6956662,0.8386794,-2318.253,-2394.917,-2327.06,-2692.908,4.656595,0.2021708,0.2569389,0.1464529,5,5,5,4
"131",3,10,2,2025,0.5,0.3,10,358624,0.3936355,0.4037658,0.3950351,0.4839902,-1764.844,-1802.701,-1767.457,-2065.263,7.953319,0.5203552,0.7323956,0.4465003,13,13,13,13
"132",4,10,2,2025,0.5,0.3,10,644368,0.3315516,0.3368718,0.3346368,0.399251,-1625.76,-1671.332,-1633.647,-1903.03,6.846906,0.3228331,0.4337769,0.2841718,8,8,8,8
"133",2,10,2,4096,0.5,0.3,10,728571,0.5891875,0.6181397,0.6041966,0.8193177,-4114.801,-4317.024,-4158.058,-5398.767,17.82199,0.3992419,0.557621,0.3778195,5,5,6,5
"134",3,10,2,4096,0.5,0.3,10,933476,0.3513141,0.3607153,0.3562785,0.4655506,-3275.959,-3410.888,-3300.085,-4131.163,27.18471,0.8288729,1.047489,0.726244,10,9,9,10
"135",4,10,2,4096,0.5,0.3,10,524932,0.2862511,0.2974386,0.289671,0.4003457,-2992.797,-3114.375,-3004.656,-3875.447,25.18877,0.8556297,1.01313,0.8193634,9,10,10,9
"136",2,10,2,8100,0.5,0.3,10,430647,0.518502,0.5594559,0.5552128,0.8388874,-7029.268,-7631.409,-7192.944,-10947.04,63.22032,0.9268579,1.186776,0.6783128,5,6,6,5
"137",3,10,2,8100,0.5,0.3,10,844311,0.3009033,0.3189011,0.3101051,0.4764448,-5586.745,-5948.7,-5656.652,-8259.58,91.26251,1.701537,1.934511,2.021273,9,11,10,11
"138",4,10,2,8100,0.5,0.3,10,422800,0.2322684,0.2450049,0.2364231,0.3775183,-5032.872,-5362.351,-5083.146,-7442.016,84.86501,1.67909,2.194118,1.484367,8,9,9,9
"139",2,10,2,16900,0.5,0.3,10,631900,0.4100189,0.4375872,0.4552444,0.7664155,-11894.55,-13314.9,-12447.82,-21769.15,301.4353,2.054027,2.478786,1.720506,5,6,6,5
"140",3,10,2,16900,0.5,0.3,10,471332,0.2559964,0.273171,0.2752136,0.5334322,-9504.501,-10478.92,-9773.925,-18103.34,667.844,4.567293,5.880302,4.482495,15,14,14,15
"141",4,10,2,16900,0.5,0.3,10,868768,0.1897317,0.2038565,0.1943682,0.3862612,-8557.813,-9353.623,-8696.679,-15705.85,438.2062,3.231629,4.527046,2.953227,9,10,10,9
"142",2,10,2,256,0.5,0.3,10,703806,0.8693882,0.8686243,0.8686886,0.8741227,-345.5121,-344.4955,-345.3903,-346.5771,0.1012011,0.0755415,0.06341219,0.03509235,4,4,4,4
"143",3,10,2,256,0.5,0.3,10,541773,0.4483206,0.4496289,0.4481578,0.4412897,-250.5061,-251.6226,-250.4551,-252.0214,0.1766512,0.1243272,0.1196411,0.07381558,10,9,9,9
"144",4,10,2,256,0.5,0.3,10,437357,0.3578503,0.3609388,0.3579554,0.3587267,-228.529,-229.5378,-228.5511,-228.7105,0.1549671,0.09489107,0.1103513,0.06731844,9,9,9,9
"145",2,10,2,625,0.5,0.3,10,512474,0.8001464,0.7952414,0.7979667,0.7897452,-779.967,-787.0619,-779.8096,-812.0872,0.4486687,0.09700036,0.08856988,0.06347966,4,4,4,4
"146",3,10,2,625,0.5,0.3,10,804075,0.4154758,0.41297,0.4161801,0.4457883,-592.5856,-591.6776,-593.2544,-617.541,0.7382739,0.1381567,0.1749055,0.1111526,9,8,8,8
"147",4,10,2,625,0.5,0.3,10,457477,0.3539513,0.3582598,0.3544844,0.3775386,-535.7691,-540.7794,-535.8608,-566.4182,0.5894287,0.1127019,0.1381347,0.100071,8,7,7,7
"148",2,10,2,1089,0.5,0.3,10,450842,0.7335528,0.7579085,0.7323884,0.7882727,-1312.257,-1352.424,-1310.936,-1419.861,1.107854,0.1646512,0.1782689,0.1033647,4,5,5,4
"149",3,10,2,1089,0.5,0.3,10,944376,0.4455564,0.4563326,0.447433,0.4752169,-1028.565,-1049.716,-1030.314,-1101.173,2.399104,0.2596951,0.3286722,0.221324,11,11,11,11
"150",4,10,2,1089,0.5,0.3,10,116463,0.3885841,0.3945541,0.3901318,0.4324356,-995.8765,-1011.549,-997.6957,-1086.292,1.738876,0.2011671,0.2457573,0.1689205,9,8,8,8
"151",2,10,2,2025,0.5,0.3,10,253847,0.6500454,0.6724205,0.6597672,0.7510003,-2222.478,-2304.157,-2235.294,-2580.677,4.059194,0.22541,0.2842805,0.1445706,5,5,5,4
"152",3,10,2,2025,0.5,0.3,10,693131,0.4311547,0.4430825,0.434344,0.4990597,-1835.887,-1887.474,-1843.372,-2094.705,7.715664,0.5490143,0.7168593,0.5479271,14,15,14,16
"153",4,10,2,2025,0.5,0.3,10,830075,0.3055,0.3101933,0.3073735,0.3782865,-1589.282,-1621.479,-1591.287,-1865.766,5.72852,0.3619568,0.4341264,0.2909048,8,8,8,8
"154",2,10,2,4096,0.5,0.3,10,816883,0.6120567,0.6353539,0.6381053,0.8551785,-4072.155,-4321.471,-4129.655,-5524.46,16.45907,0.5076537,0.6599078,0.4589162,5,5,6,5
"155",3,10,2,4096,0.5,0.3,10,238903,0.3614988,0.3763,0.3665542,0.4674717,-3300.259,-3437.088,-3321.093,-4146.878,26.54453,0.9434633,1.030071,1.170217,10,10,10,11
"156",4,10,2,4096,0.5,0.3,10,748287,0.2659221,0.2779903,0.2678024,0.386752,-2883.465,-3015.313,-2891.306,-3797.957,24.55527,0.6884375,0.8955123,0.8220916,9,9,9,9
"157",2,10,2,8100,0.5,0.3,10,77675,0.4870564,0.5103504,0.5150439,0.7714195,-6975.185,-7480.72,-7122.669,-10488.39,62.34585,0.9994402,1.423302,0.8961937,5,5,6,5
"158",3,10,2,8100,0.5,0.3,10,433157,0.3102368,0.3240689,0.3203129,0.4959904,-5728.095,-6043.634,-5802.231,-8442.536,111.2486,2.360559,2.369905,2.00763,12,12,11,12
"159",4,10,2,8100,0.5,0.3,10,636996,0.2307044,0.2454136,0.2345459,0.3822582,-5003.071,-5345.508,-5046.33,-7460.228,83.01549,1.445371,1.849626,1.148903,8,9,8,8
"160",2,10,2,16900,0.5,0.3,10,207640,0.4152636,0.4565634,0.4768126,0.8644525,-12008.07,-13557.05,-12609.83,-22804.2,302.4965,1.870079,2.734086,1.689714,5,6,6,5
"161",3,10,2,16900,0.5,0.3,10,190259,0.251591,0.2694803,0.2654309,0.5031246,-9539.729,-10519.99,-9772.938,-17870.56,580.5213,3.957719,5.057439,4.313646,13,12,13,14
"162",4,10,2,16900,0.5,0.3,10,137990,0.195645,0.2105144,0.1995648,0.4041556,-8687.249,-9576.446,-8825.174,-16156.06,418.2035,2.896905,3.767861,2.912632,8,9,9,9
"163",2,10,2,256,0.5,0.3,10,210294,0.9010239,0.9036467,0.9010096,0.9095673,-348.5435,-349.3044,-348.4719,-351.8973,0.09764647,0.06433916,0.05423093,0.03376675,4,4,4,4
"164",3,10,2,256,0.5,0.3,10,347640,0.4871232,0.490732,0.4870406,0.5048561,-256.3903,-257.4791,-256.4009,-262.6322,0.1464813,0.09888363,0.09383726,0.05628181,7,7,7,7
"165",4,10,2,256,0.5,0.3,10,902642,0.4026241,0.4067477,0.4025588,0.4124291,-234.6258,-235.3516,-234.6126,-237.969,0.1489036,0.1006217,0.1041043,0.06818724,8,8,8,8
"166",2,10,2,625,0.5,0.3,10,467844,0.7906704,0.7979927,0.7899368,0.8246098,-790.0736,-800.6076,-789.2297,-827.9781,0.3849556,0.07486963,0.08808637,0.05768394,4,4,4,4
"167",3,10,2,625,0.5,0.3,10,720712,0.5230013,0.5276724,0.5235673,0.5294336,-643.3652,-654.3027,-643.0962,-668.2766,0.7229536,0.2382247,0.2305195,0.128196,9,9,9,9
"168",4,10,2,625,0.5,0.3,10,681017,0.4082473,0.412008,0.4086066,0.4151035,-591.9715,-595.7541,-592.206,-599.1212,0.5729609,0.1666968,0.1715302,0.110564,8,8,8,8
"169",2,10,2,1089,0.5,0.3,10,931744,0.7436835,0.7462047,0.7425846,0.7870148,-1329.171,-1347.259,-1331.362,-1409.64,1.161533,0.1431096,0.1551828,0.09605193,4,5,5,4
"170",3,10,2,1089,0.5,0.3,10,584954,0.4320916,0.4353319,0.43244,0.4599642,-1018.235,-1033.839,-1018.077,-1082.203,1.862051,0.2565365,0.2803199,0.1859877,9,9,9,9
"171",4,10,2,1089,0.5,0.3,10,427117,0.3724174,0.3838055,0.3727041,0.4397077,-961.9633,-994.6376,-962.9597,-1092.502,1.990775,0.2189672,0.2683172,0.1683009,8,8,8,8
"172",2,10,2,2025,0.5,0.3,10,120627,0.729537,0.7435028,0.7312547,0.8215484,-2356.864,-2415.635,-2358.371,-2667.937,4.177664,0.2461569,0.2612689,0.1459291,5,5,5,4
"173",3,10,2,2025,0.5,0.3,10,753652,0.4198471,0.4330364,0.4238396,0.5086569,-1806.799,-1864.599,-1812.81,-2124.581,6.023482,0.3760228,0.396368,0.3230085,9,8,8,9
"174",4,10,2,2025,0.5,0.3,10,558839,0.3186004,0.329321,0.3219768,0.4060253,-1626.901,-1673.4,-1636.667,-1947.406,6.154131,0.3198769,0.4720685,0.2843764,9,8,8,8
"175",2,10,2,4096,0.5,0.3,10,709757,0.6165368,0.6344464,0.6273525,0.7741629,-4189.021,-4408.935,-4225.479,-5290.699,16.57414,0.47597,0.6211977,0.3637769,5,5,6,4
"176",3,10,2,4096,0.5,0.3,10,213929,0.3599315,0.3708652,0.3646466,0.4867794,-3283.419,-3416.862,-3310.174,-4260.461,27.46508,0.9009278,1.181004,1.02127,11,11,11,12
"177",4,10,2,4096,0.5,0.3,10,910680,0.2869977,0.2986004,0.2887561,0.4199426,-3056.282,-3184.271,-3066.126,-4030.88,23.74764,0.751833,0.9102473,0.8175797,9,9,9,9
"178",2,10,2,8100,0.5,0.3,10,404010,0.5235199,0.5517356,0.5531633,0.7851833,-7074.635,-7626.089,-7228.263,-10592.44,61.84342,0.8254926,1.24231,0.790611,5,5,6,5
"179",3,10,2,8100,0.5,0.3,10,858888,0.3010645,0.3198582,0.3097624,0.4683191,-5606.863,-5994.773,-5692.468,-8246.275,157.9351,3.004094,3.268591,2.948555,19,19,18,19
"180",4,10,2,8100,0.5,0.3,10,697670,0.2370295,0.251516,0.2415259,0.3918795,-5111.764,-5461.54,-5165.511,-7589.704,82.49525,1.281954,1.938215,1.127765,8,9,9,8
"181",2,10,2,16900,0.5,0.3,10,926986,0.4176226,0.4539219,0.4665556,0.7780431,-11963.02,-13472.96,-12522.1,-21910,294.7317,1.752099,2.296106,1.549452,5,6,6,5
"182",3,10,2,16900,0.5,0.3,10,792301,0.2521731,0.2698711,0.2693234,0.516991,-9510.756,-10534.71,-9779.306,-18024.2,694.6082,4.516924,5.849316,7.004801,16,15,15,21
"183",4,10,2,16900,0.5,0.3,10,768684,0.1956745,0.2083759,0.200463,0.3975528,-8640.993,-9475.796,-8786.352,-15912.57,412.8204,2.69389,3.812358,2.735941,8,9,9,9
"184",2,10,2,256,0.5,0.3,10,386276,0.7193094,0.7216262,0.719312,0.7217294,-319.3687,-320.1451,-319.3331,-323.0643,0.1040831,0.05767632,0.05763555,0.03857589,4,4,4,4
"185",3,10,2,256,0.5,0.3,10,988501,0.5570999,0.5588015,0.5569325,0.573625,-271.057,-270.6607,-270.995,-276.9866,0.1317527,0.08356142,0.0893147,0.05470705,7,7,7,7
"186",4,10,2,256,0.5,0.3,10,638280,0.3999734,0.4015444,0.4000102,0.4050237,-240.6085,-241.5849,-240.587,-243.8705,0.1334267,0.08649158,0.09489703,0.06544948,8,8,8,8
"187",2,10,2,625,0.5,0.3,10,596483,0.8078679,0.8143579,0.8103664,0.8543979,-807.6427,-810.4187,-808.6093,-837.5778,0.434026,0.07810354,0.09815359,0.06353498,4,4,4,4
"188",3,10,2,625,0.5,0.3,10,90906,0.5400469,0.5427054,0.5417822,0.5712935,-639.9548,-650.1737,-640.9739,-679.8009,0.9067395,0.207664,0.2440689,0.170372,14,13,13,13
"189",4,10,2,625,0.5,0.3,10,713170,0.369514,0.3779936,0.3699706,0.3894281,-555.2288,-563.9863,-555.5756,-577.7557,0.6251607,0.147795,0.1538029,0.1081111,9,9,8,8
"190",2,10,2,1089,0.5,0.3,10,849987,0.7704932,0.7809472,0.7710804,0.8378521,-1338.037,-1345.746,-1337.262,-1449.191,1.126278,0.1014111,0.2568843,0.132921,4,4,5,4
"191",3,10,2,1089,0.5,0.3,10,105581,0.4598488,0.4686115,0.4615196,0.499622,-1016.615,-1038.412,-1017.885,-1105.676,1.978015,0.2812693,0.2898216,0.2102058,10,10,10,10
"192",4,10,2,1089,0.5,0.3,10,535427,0.3545443,0.3593707,0.356376,0.3825237,-940.2546,-955.0572,-942.3763,-996.321,1.910136,0.1963973,0.3110008,0.165606,9,8,9,8
"193",2,10,2,2025,0.5,0.3,10,438269,0.6498717,0.6594504,0.6533145,0.7282849,-2224.891,-2284.647,-2232.304,-2563.453,4.028525,0.2188866,0.2873485,0.1437614,5,5,5,4
"194",3,10,2,2025,0.5,0.3,10,973544,0.4025772,0.4131739,0.4058859,0.4649869,-1754.216,-1799.929,-1763.609,-2021.302,7.543135,0.4721432,0.7078047,0.4140925,12,11,12,12
"195",4,10,2,2025,0.5,0.3,10,217709,0.300493,0.3089533,0.302712,0.3711279,-1565.31,-1613.885,-1570.081,-1817.89,5.198288,0.3060098,0.4741089,0.3075366,8,8,8,8
"196",2,10,2,4096,0.5,0.3,10,506231,0.6051421,0.636823,0.6217893,0.7977361,-4154.249,-4388.696,-4201.011,-5349.732,16.82293,0.3945208,0.5016277,0.3595159,5,5,5,4
"197",3,10,2,4096,0.5,0.3,10,370300,0.3303496,0.3422464,0.3349801,0.4287596,-3132.336,-3268.504,-3151.181,-3954.144,23.27563,0.7975373,0.9460826,0.7670534,9,9,9,10
"198",4,10,2,4096,0.5,0.3,10,728706,0.2824876,0.2936512,0.2862027,0.3903066,-2985.899,-3106.399,-3007.056,-3805.231,23.30697,0.741564,0.9186459,0.7053771,9,9,9,9
"199",2,10,2,8100,0.5,0.3,10,561476,0.5228806,0.5593128,0.5640457,0.8441551,-7098.167,-7684.603,-7318.224,-10883.04,61.61494,0.8295836,1.185733,0.8057592,5,5,6,5
"200",3,10,2,8100,0.5,0.3,10,612103,0.294602,0.3100913,0.3042672,0.4659542,-5469.908,-5832.12,-5546.18,-8112.143,96.9952,1.73651,2.088712,1.784848,10,10,11,12
"201",4,10,2,8100,0.5,0.3,10,594628,0.2304573,0.2448533,0.234483,0.3689819,-5033.138,-5354.959,-5078.076,-7328.275,82.73256,1.336616,1.655862,1.271384,8,9,8,8
"202",2,10,2,16900,0.5,0.3,10,149228,0.4225264,0.4566535,0.4693726,0.7888851,-12034.47,-13573.26,-12609.9,-22117.56,302.1106,2.010417,2.530518,1.877695,5,6,6,5
"203",3,10,2,16900,0.5,0.3,10,816464,0.234306,0.2494969,0.2451637,0.4393577,-9189.382,-10102.86,-9401.227,-16673.35,601.1731,4.03448,5.519675,3.947728,13,13,13,13
"204",4,10,2,16900,0.5,0.3,10,394513,0.1963129,0.2088338,0.2004701,0.4056975,-8661.953,-9454.064,-8799.792,-16267.85,451.2515,2.869735,3.989164,2.84606,9,9,9,9
"205",2,10,2,256,0.5,0.3,10,137376,0.8632387,0.8599556,0.8631488,0.8627314,-343.1605,-342.7377,-343.1769,-344.2499,0.09302211,0.05114055,0.04944158,0.03291655,4,4,4,4
"206",3,10,2,256,0.5,0.3,10,623969,0.5771606,0.5785436,0.5770127,0.5817286,-279.5074,-280.5398,-279.5185,-280.951,0.1854396,0.1276014,0.1354218,0.09266162,11,11,11,11
"207",4,10,2,256,0.5,0.3,10,489504,0.3847113,0.388691,0.3846575,0.3889474,-237.2495,-238.9449,-237.2585,-239.0314,0.1249721,0.07411027,0.08530116,0.05376554,7,7,7,7
"208",2,10,2,625,0.5,0.3,10,816493,0.8016173,0.8049476,0.8031641,0.8218085,-806.347,-807.9633,-806.6727,-825.4376,0.3666632,0.08253193,0.08752418,0.05820823,4,4,4,4
"209",3,10,2,625,0.5,0.3,10,852095,0.4453562,0.4500524,0.4461977,0.4581536,-613.0966,-618.3781,-613.4968,-637.1929,0.5340552,0.1296225,0.1632974,0.1166017,8,8,8,8
"210",4,10,2,625,0.5,0.3,10,982587,0.3500898,0.3540335,0.350853,0.3659549,-538.2889,-546.6897,-538.8833,-557.7068,0.5258412,0.1258378,0.1607935,0.1194985,8,8,8,8
"211",2,10,2,1089,0.5,0.3,10,806628,0.6868636,0.6847314,0.6894652,0.7506587,-1275.729,-1293.598,-1277.58,-1391.888,0.998709,0.1156163,0.1634908,0.09454679,4,5,5,4
"212",3,10,2,1089,0.5,0.3,10,162590,0.4326717,0.4381197,0.4336935,0.4575176,-1012.69,-1031.093,-1013.038,-1082.008,2.13745,0.2838211,0.3195288,0.2301576,11,11,11,11
"213",4,10,2,1089,0.5,0.3,10,760935,0.3552691,0.3597087,0.3554208,0.3893262,-927.6396,-940.7922,-927.525,-1009.565,1.803383,0.231214,0.272445,0.1857581,9,9,9,9
"214",2,10,2,2025,0.5,0.3,10,919170,0.6768728,0.7035072,0.6884012,0.8260232,-2238.707,-2328.024,-2253.312,-2673.058,3.869636,0.2150514,0.2610297,0.1452818,5,5,5,4
"215",3,10,2,2025,0.5,0.3,10,485197,0.3956004,0.4042448,0.3983589,0.4657412,-1757.694,-1808.694,-1763.933,-2024.237,5.515496,0.3209863,0.4447291,0.283958,8,8,8,8
"216",4,10,2,2025,0.5,0.3,10,886026,0.3232346,0.3294547,0.3246792,0.3788477,-1652.54,-1684.223,-1653.849,-1839.705,5.676047,0.3530059,0.4391766,0.2792509,8,8,8,8
"217",2,10,2,4096,0.5,0.3,10,949837,0.6336365,0.6636649,0.6514023,0.8836863,-4173.59,-4393.902,-4216.335,-5571.326,16.19888,0.4348142,0.5878677,0.4317338,5,5,6,5
"218",3,10,2,4096,0.5,0.3,10,797800,0.3594363,0.3758906,0.3655554,0.4933967,-3225.26,-3388.947,-3253.541,-4245.378,27.45837,0.8984954,1.235453,0.8680604,10,10,11,12
"219",4,10,2,4096,0.5,0.3,10,571062,0.2779109,0.2886671,0.2818262,0.3808978,-2960.373,-3078.637,-2984.077,-3779.48,24.34679,0.6659083,0.9750836,0.7390342,9,8,9,8
"220",2,10,2,8100,0.5,0.3,10,466107,0.5223968,0.5461857,0.5492601,0.8245432,-7090.457,-7695.385,-7254.848,-10721.96,61.52352,1.133781,1.229522,0.9175451,5,6,6,5
"221",3,10,2,8100,0.5,0.3,10,646717,0.2880505,0.300948,0.2963464,0.4627601,-5560.625,-5895.269,-5619.007,-8104.747,138.3798,2.232679,3.210257,2.850539,16,15,16,16
"222",4,10,2,8100,0.5,0.3,10,765923,0.242321,0.2529572,0.2455521,0.3849761,-5146.005,-5408.993,-5192.553,-7557.478,89.90309,1.377415,1.705326,1.450242,9,9,9,9
"223",2,10,2,16900,0.5,0.3,10,814570,0.4286246,0.4711865,0.4919791,0.8356656,-12075.99,-13553.61,-12689.56,-22800.51,298.2542,2.039522,2.545617,1.568241,5,6,6,5
"224",3,10,2,16900,0.5,0.3,10,116525,0.2400906,0.2551754,0.2486696,0.434444,-9470.206,-10329.65,-9655.192,-16549.23,527.4649,3.141327,4.218674,3.690313,11,11,11,12
"225",4,10,2,16900,0.5,0.3,10,355097,0.1927035,0.2057745,0.1967499,0.3901364,-8539.684,-9348.213,-8682.172,-15931.83,438.2617,3.044481,3.841712,2.516488,9,9,9,9
"226",2,10,2,256,0.5,0.3,10,391579,0.7601849,0.7627026,0.760515,0.7797775,-325.0516,-327.2761,-325.0276,-331.3902,0.09589171,0.05813384,0.05162263,0.03617454,4,4,4,4
"227",3,10,2,256,0.5,0.3,10,95427,0.4514434,0.4520405,0.4514364,0.4474204,-250.1639,-250.3436,-250.1831,-249.8181,0.1195748,0.08553576,0.08662796,0.05088258,6,6,6,6
"228",4,10,2,256,0.5,0.3,10,649025,0.3682527,0.3693156,0.3682174,0.3566399,-220.4821,-221.7674,-220.478,-218.4098,0.1311548,0.1007912,0.09718895,0.06414843,8,8,8,8
"229",2,10,2,625,0.5,0.3,10,636295,0.7578316,0.7635824,0.7580086,0.7713426,-781.3733,-791.5809,-781.282,-803.5177,0.3781033,0.07483602,0.09313393,0.06314278,4,4,4,4
"230",3,10,2,625,0.5,0.3,10,253329,0.3974954,0.3965393,0.3978319,0.4106671,-579.2148,-582.1607,-579.3847,-600.2342,0.6759257,0.1887331,0.2103367,0.1507623,11,11,11,11
"231",4,10,2,625,0.5,0.3,10,449423,0.386535,0.3822844,0.3872808,0.4038049,-564.8065,-565.6644,-564.8883,-586.4398,0.5909841,0.1299217,0.1710949,0.1255832,8,8,8,8
"232",2,10,2,1089,0.5,0.3,10,135909,0.7606111,0.7710591,0.7611262,0.8179234,-1329.242,-1356.173,-1328.602,-1433.086,1.176971,0.1627109,0.1875122,0.08738017,4,5,5,4
"233",3,10,2,1089,0.5,0.3,10,192265,0.4064614,0.4086062,0.4084201,0.4456218,-977.2159,-995.6134,-979.1318,-1073.261,3.948205,0.5681155,0.741236,0.5503318,26,26,26,27
"234",4,10,2,1089,0.5,0.3,10,712731,0.3304045,0.3396334,0.3314152,0.3608718,-907.8758,-923.5817,-908.6796,-965.7201,1.458367,0.1989944,0.250103,0.1606343,8,8,8,8
"235",2,10,2,2025,0.5,0.3,10,629062,0.6876618,0.7036192,0.6931275,0.8093535,-2310.788,-2367.856,-2320.288,-2666.498,3.87636,0.2168162,0.2674901,0.1623023,5,5,5,4
"236",3,10,2,2025,0.5,0.3,10,622412,0.4196083,0.429512,0.424167,0.496304,-1795.456,-1840.783,-1800.709,-2079.911,4.897436,0.3063293,0.425338,0.2751119,8,8,8,8
"237",4,10,2,2025,0.5,0.3,10,312217,0.3215185,0.3303906,0.3237053,0.3839439,-1647.637,-1683.208,-1651.787,-1868.247,5.28003,0.3077357,0.4566946,0.2953,8,8,9,8
"238",2,10,2,4096,0.5,0.3,10,611843,0.5835648,0.6119831,0.6071432,0.8051712,-4043.002,-4293.229,-4095.106,-5367.672,15.99963,0.4550817,0.6285217,0.3216398,5,5,6,4
"239",3,10,2,4096,0.5,0.3,10,289582,0.3850829,0.3996424,0.3917558,0.5191392,-3386.485,-3546.396,-3405.425,-4356.432,26.56592,0.7839017,1.058106,0.8284259,10,10,11,11
"240",4,10,2,4096,0.5,0.3,10,125448,0.2950334,0.307778,0.2986079,0.4032342,-3070.84,-3190.618,-3090.036,-3894.982,23.48802,0.7166398,0.8592935,0.6815872,9,9,9,9
"241",2,10,2,8100,0.5,0.3,10,363378,0.5261165,0.5588241,0.5462745,0.8133092,-7010.374,-7641.922,-7149.434,-10665.6,62.38098,1.094526,1.092499,0.7709956,5,6,6,5
"242",3,10,2,8100,0.5,0.3,10,481729,0.302934,0.3221502,0.3135285,0.4847073,-5589.912,-5953.685,-5656.06,-8339.301,150.2578,3.028586,3.813699,3.21982,18,19,18,22
"243",4,10,2,8100,0.5,0.3,10,28880,0.2373604,0.2500392,0.2406406,0.3996085,-5025.126,-5366.158,-5064.584,-7649.89,89.2601,1.459923,2.252355,1.282436,9,9,9,9
"244",2,10,2,16900,0.5,0.3,10,518390,0.4406314,0.4784254,0.4950723,0.8455429,-12107.4,-13619.32,-12727.34,-22610.27,297.7869,1.888793,2.522769,1.521114,5,6,6,5
"245",3,10,2,16900,0.5,0.3,10,974025,0.2518099,0.2700096,0.2694831,0.5034369,-9477.374,-10443.95,-9739.486,-17697.96,724.5609,5.542728,7.927561,5.394024,16,16,16,17
"246",4,10,2,16900,0.5,0.3,10,725903,0.1991603,0.2113201,0.2039393,0.3972901,-8735.768,-9538.695,-8889.383,-16041.39,467.4124,3.01256,4.208524,2.645091,9,10,10,9
"247",2,10,2,256,0.5,0.3,10,50843,0.8161532,0.8196891,0.8168872,0.8266877,-337.1578,-337.2124,-337.2859,-338.7308,0.0895586,0.08139133,0.05784702,0.0327847,4,4,4,4
"248",3,10,2,256,0.5,0.3,10,225632,0.4966516,0.4914694,0.4968011,0.4793603,-264.665,-264.7266,-264.7209,-262.348,0.1594179,0.1003551,0.1166427,0.07806325,9,9,9,9
"249",4,10,2,256,0.5,0.3,10,703104,0.3930527,0.3947216,0.3929134,0.3917086,-241.3325,-241.1525,-241.2531,-241.4561,0.1849487,0.07881737,0.1352141,0.09253335,8,7,7,7
"250",2,10,2,625,0.5,0.3,10,559409,0.7797942,0.7782555,0.7792637,0.8121035,-785.4166,-793.3851,-784.9532,-819.8326,0.3595436,0.08282542,0.1012948,0.05972433,4,4,4,4
"251",3,10,2,625,0.5,0.3,10,797923,0.4286751,0.4301802,0.4294832,0.4293057,-586.9769,-595.0321,-587.4083,-608.6073,0.6867535,0.1637311,0.2063074,0.1385078,10,10,10,10
"252",4,10,2,625,0.5,0.3,10,954531,0.3602549,0.3617251,0.3603828,0.3707424,-561.4024,-565.6321,-561.2425,-573.6929,0.5368388,0.1305947,0.1478379,0.1077411,7,7,7,7
"253",2,10,2,1089,0.5,0.3,10,234635,0.8209204,0.8166962,0.8200102,0.8708947,-1354.968,-1373.459,-1355.231,-1477.172,1.017616,0.1314139,0.1718984,0.09534526,4,5,5,4
"254",3,10,2,1089,0.5,0.3,10,115024,0.4322742,0.4369731,0.4332417,0.4690732,-1027.043,-1046.873,-1027.175,-1095.15,1.612807,0.1744277,0.2337754,0.1548502,7,7,7,7
"255",4,10,2,1089,0.5,0.3,10,364725,0.3616099,0.3673029,0.3637156,0.4102046,-943.1359,-959.9807,-945.3881,-1039.776,1.766328,0.1965907,0.2549098,0.1858478,8,8,8,8
"256",2,10,2,2025,0.5,0.3,10,614776,0.7124303,0.7220524,0.7202575,0.8099786,-2309.302,-2373.504,-2316.487,-2670.409,4.079843,0.2305419,0.2849233,0.1438355,5,5,5,4
"257",3,10,2,2025,0.5,0.3,10,21258,0.3827516,0.3942249,0.3856397,0.4477127,-1760.698,-1803.29,-1765.423,-2011.979,5.298897,0.3844211,0.5080323,0.3449206,9,9,9,10
"258",4,10,2,2025,0.5,0.3,10,452141,0.3187728,0.3255371,0.3208262,0.3817159,-1646.419,-1683.072,-1651.451,-1885.481,4.976454,0.3480463,0.4649973,0.3645124,8,8,8,8
"259",2,10,2,4096,0.5,0.3,10,308162,0.5911398,0.6160817,0.6081847,0.8254737,-4088.173,-4303.843,-4115.418,-5414.906,16.33386,0.4207497,0.6377077,0.3277404,5,5,6,4
"260",3,10,2,4096,0.5,0.3,10,811034,0.3515996,0.3661896,0.3565903,0.4870783,-3226.905,-3365.849,-3248.81,-4224.621,31.18606,1.069549,1.405413,1.090846,13,13,13,15
"261",4,10,2,4096,0.5,0.3,10,897992,0.2721529,0.2837682,0.275286,0.3701098,-2930.293,-3054.388,-2944.169,-3713.541,22.0804,0.7087634,0.7994344,0.6039994,8,9,8,8
"262",2,10,2,8100,0.5,0.3,10,490447,0.5096356,0.5385736,0.5470183,0.8369914,-6946.897,-7533.314,-7122.657,-10849.23,64.06345,1.17698,1.241274,0.7637644,5,6,6,5
"263",3,10,2,8100,0.5,0.3,10,647743,0.2854797,0.2986457,0.2945909,0.4558677,-5473.846,-5832.968,-5546.36,-8130.475,118.4242,1.97039,2.887705,2.375501,13,13,13,15
"264",4,10,2,8100,0.5,0.3,10,343761,0.2396432,0.2512228,0.2425315,0.3919617,-5077.04,-5389.261,-5124.567,-7601.429,89.77982,1.328235,1.683946,1.12633,9,9,9,8
"265",2,10,2,16900,0.5,0.3,10,146334,0.4277361,0.4655326,0.4966357,0.8922716,-11965.58,-13437.96,-12601.29,-23197.91,306.8739,1.702885,2.841627,1.651742,5,6,7,5
"266",3,10,2,16900,0.5,0.3,10,873698,0.2497826,0.2693395,0.2644564,0.4783593,-9705,-10714.37,-9927.81,-17466.56,565.2405,3.668247,4.878428,5.057059,12,12,11,14
"267",4,10,2,16900,0.5,0.3,10,164220,0.1949281,0.2085703,0.1988553,0.3838146,-8555.749,-9443.022,-8706.565,-15803.19,436.7686,2.968415,3.761037,3.168686,9,9,9,9
"268",2,10,2,256,0.5,0.3,10,232801,0.8048041,0.8054439,0.8051926,0.8138686,-336.6033,-337.1062,-336.6499,-337.2504,0.1023796,0.07264018,0.0599618,0.03558564,4,4,4,4
"269",3,10,2,256,0.5,0.3,10,974237,0.5023178,0.496443,0.5021291,0.504589,-266.142,-265.2362,-266.0987,-268.9804,0.1607468,0.1045518,0.1176693,0.0814631,10,10,10,10
"270",4,10,2,256,0.5,0.3,10,557552,0.4419253,0.4346765,0.4418814,0.4193048,-254.2579,-252.5569,-254.2759,-249.6265,0.1648545,0.08221793,0.1057951,0.06387091,8,8,8,8
"271",2,10,2,625,0.5,0.3,10,165647,0.7877289,0.8046046,0.7896444,0.8462732,-783.9494,-800.2874,-784.3582,-838.1931,0.3556356,0.09420037,0.09235573,0.07025146,4,4,4,4
"272",3,10,2,625,0.5,0.3,10,148793,0.4600852,0.4654901,0.459929,0.4819585,-621.304,-623.9398,-621.1996,-642.5855,0.6756625,0.1207147,0.1571472,0.1073916,8,8,8,8
"273",4,10,2,625,0.5,0.3,10,364740,0.367024,0.3662249,0.367773,0.3816637,-570.1466,-568.8407,-570.5031,-581.9917,0.5513992,0.1550057,0.1789508,0.1165795,8,8,8,8
"274",2,10,2,1089,0.5,0.3,10,676590,0.7413262,0.7605048,0.7474286,0.8241315,-1318.202,-1339.133,-1319.181,-1437.468,1.010273,0.1290936,0.1734867,0.08743739,4,5,5,4
"275",3,10,2,1089,0.5,0.3,10,350408,0.3985685,0.4068353,0.4003824,0.4406422,-965.1715,-981.7295,-966.5234,-1046.356,2.034848,0.2928879,0.3615057,0.2562127,12,12,12,12
"276",4,10,2,1089,0.5,0.3,10,730613,0.3588011,0.364095,0.3595246,0.391817,-952.3867,-967.5683,-953.1082,-1023.633,1.861534,0.2461348,0.2612832,0.1903148,9,9,9,9
"277",2,10,2,2025,0.5,0.3,10,396141,0.6897689,0.7013072,0.6875512,0.7841178,-2234.26,-2323.877,-2234.706,-2628.462,4.168946,0.1987081,0.2956893,0.1552758,5,5,5,4
"278",3,10,2,2025,0.5,0.3,10,735839,0.4108754,0.4188915,0.4126333,0.4716724,-1781.372,-1829.685,-1787.107,-2043.957,7.162903,0.4534965,0.71895,0.4472208,12,12,12,13
"279",4,10,2,2025,0.5,0.3,10,354571,0.3363091,0.3456248,0.3389701,0.4035912,-1692.91,-1735.659,-1698.317,-1927.506,4.834079,0.2995908,0.405761,0.2742748,8,8,8,8
"280",2,10,2,4096,0.5,0.3,10,512593,0.5605064,0.5780734,0.5709166,0.7490985,-4090.511,-4294.959,-4143.621,-5228.329,15.80809,0.4756641,0.6406381,0.389375,5,5,6,4
"281",3,10,2,4096,0.5,0.3,10,203243,0.3328787,0.3391758,0.3376575,0.4346524,-3164.5,-3269.76,-3179.151,-3998.266,28.13514,0.9711838,1.252069,1.000113,11,11,12,12
"282",4,10,2,4096,0.5,0.3,10,204146,0.2692192,0.277477,0.271074,0.3765341,-2928.336,-3018.652,-2935.846,-3763.663,24.6234,0.8914337,0.9691916,0.7134848,9,9,9,9
"283",2,10,2,8100,0.5,0.3,10,244778,0.5148388,0.55286,0.5475707,0.8182783,-7126.348,-7669.851,-7282.88,-10679.43,63.98281,1.036019,1.384753,0.9263356,5,6,6,5
"284",3,10,2,8100,0.5,0.3,10,516825,0.3014843,0.3153034,0.3081939,0.4705269,-5604.777,-5960.174,-5665.847,-8265.014,94.37589,2.030037,2.208701,2.02648,10,11,10,11
"285",4,10,2,8100,0.5,0.3,10,420106,0.2214304,0.2334141,0.2242018,0.3674037,-4864.611,-5141.721,-4900.557,-7333.868,89.52389,1.343052,2.088971,1.427917,9,9,9,8
"286",2,10,2,16900,0.5,0.3,10,350614,0.4314664,0.46433,0.486362,0.8469747,-12057.09,-13508.2,-12607.86,-22638.46,297.01,2.106464,2.560419,1.614528,5,6,6,5
"287",3,10,2,16900,0.5,0.3,10,499691,0.2547428,0.2743439,0.2683466,0.4923592,-9643.372,-10665.27,-9899.589,-17640.28,735.4548,5.411335,6.945818,6.808764,16,16,16,20
"288",4,10,2,16900,0.5,0.3,10,354885,0.1932471,0.205878,0.1973848,0.4080361,-8558.441,-9341.863,-8693.565,-16211.69,500.4955,3.508547,4.346619,2.714538,10,11,10,9
"289",2,10,2,256,0.5,0.3,10,766277,0.8430133,0.8441029,0.8425202,0.8471676,-334.7488,-335.4145,-334.7278,-341.3362,0.08992743,0.05738258,0.05087638,0.03306675,4,4,4,4
"290",3,10,2,256,0.5,0.3,10,580546,0.5126264,0.5093941,0.5124888,0.5040871,-266.0571,-265.4726,-266.0649,-265.3089,0.2839408,0.1568348,0.1889858,0.1166477,15,15,15,15
"291",4,10,2,256,0.5,0.3,10,198981,0.4750078,0.4770763,0.4749346,0.4807472,-269.4534,-270.9899,-269.426,-270.9439,0.1543343,0.08379221,0.1099057,0.06399226,8,8,8,8
"292",2,10,2,625,0.5,0.3,10,822381,0.842372,0.837982,0.8420234,0.8252144,-808.2721,-816.1624,-808.9745,-825.7315,0.3309343,0.08136916,0.08652163,0.05477095,4,4,4,4
"293",3,10,2,625,0.5,0.3,10,833519,0.4778311,0.4846403,0.4785502,0.5145194,-633.72,-643.2474,-634.3687,-666.4449,0.4943974,0.1585555,0.2250187,0.1321468,7,7,7,7
"294",4,10,2,625,0.5,0.3,10,674391,0.3845054,0.38396,0.3842847,0.3998193,-566.5771,-570.0811,-566.7318,-587.1452,0.5439935,0.5487244,0.1639311,0.1062837,8,8,8,8
"295",2,10,2,1089,0.5,0.3,10,889818,0.7739656,0.7922435,0.7807926,0.8659377,-1313.785,-1352.585,-1318.677,-1466.19,1.053565,0.1578572,0.1612985,0.1008649,4,5,5,4
"296",3,10,2,1089,0.5,0.3,10,810226,0.4622505,0.4702429,0.4636125,0.5030101,-1043.413,-1060.814,-1044.656,-1131.883,1.91862,0.230165,0.3053865,0.2006764,10,10,10,10
"297",4,10,2,1089,0.5,0.3,10,194051,0.3723044,0.3779706,0.3749454,0.4118802,-952.3679,-967.8197,-954.1414,-1020.725,1.656425,0.1990197,0.2588048,0.1666703,8,8,8,8
"298",2,10,2,2025,0.5,0.3,10,396380,0.7399188,0.7521467,0.7396382,0.8619769,-2336.121,-2409.954,-2334.23,-2727.666,4.161919,0.2461355,0.2892184,0.1460152,5,5,5,4
"299",3,10,2,2025,0.5,0.3,10,436060,0.3851864,0.3922729,0.38678,0.4606031,-1783.028,-1819.655,-1785.764,-2047.457,6.422547,0.4423542,0.5568407,0.4251833,11,11,11,12
"300",4,10,2,2025,0.5,0.3,10,570452,0.3285168,0.335421,0.3313933,0.3954205,-1642.032,-1693.789,-1649.938,-1900.502,4.805113,0.3223641,0.404691,0.2855134,8,8,8,8
"301",2,10,2,4096,0.5,0.3,10,47337,0.5770746,0.6109908,0.5944483,0.8065851,-4011.739,-4230.638,-4053.925,-5381.067,15.67073,0.4516871,0.6367161,0.3030899,5,5,6,4
"302",3,10,2,4096,0.5,0.3,10,143417,0.3470879,0.3550363,0.3520841,0.4562311,-3251.642,-3364.288,-3269.678,-4152.514,28.32642,0.8495314,1.055869,0.8476741,11,11,11,12
"303",4,10,2,4096,0.5,0.3,10,584730,0.2780051,0.2887286,0.2811734,0.3994674,-2927.539,-3055.823,-2948.793,-3880.047,21.05123,0.7513881,0.8960812,0.6008568,8,9,8,8
"304",2,10,2,8100,0.5,0.3,10,817012,0.5157252,0.5436388,0.5440464,0.7835324,-6955.932,-7560.601,-7115.279,-10579.61,61.60326,1.089418,1.436713,0.742548,5,6,6,5
"305",3,10,2,8100,0.5,0.3,10,783139,0.2951394,0.3146194,0.3057861,0.4923646,-5442.793,-5818.751,-5525.577,-8314.681,103.5507,1.534642,2.221884,1.502576,11,11,11,11
"306",4,10,2,8100,0.5,0.3,10,887203,0.2463475,0.2571486,0.2502051,0.3800522,-5201.981,-5498.258,-5251.086,-7541.282,89.57925,1.27584,1.582211,1.3174,9,9,9,9
"307",2,10,2,16900,0.5,0.3,10,268691,0.4306762,0.462427,0.4755844,0.7931488,-12101.49,-13544.14,-12616.65,-22081.14,300.7266,2.200022,2.755252,1.570028,5,6,6,5
"308",3,10,2,16900,0.5,0.3,10,438370,0.2491271,0.2695171,0.2661496,0.4853905,-9427.506,-10487.29,-9697.739,-17470.3,594.3678,4.017687,5.647837,5.105662,12,12,12,16
"309",4,10,2,16900,0.5,0.3,10,135827,0.1922255,0.2030747,0.1964996,0.3769499,-8531.899,-9257.424,-8678.813,-15488.15,445.0468,2.840535,3.77753,2.834576,9,9,9,9
"310",2,10,2,256,0.5,0.3,10,480376,0.7728564,0.7704536,0.773589,0.765206,-331.9605,-330.8635,-332.1212,-329.3511,0.1016467,0.05389309,0.05015659,0.03396344,4,4,4,4
"311",3,10,2,256,0.5,0.3,10,771860,0.3978825,0.3959761,0.3977867,0.3916725,-241.5665,-241.336,-241.5724,-238.8861,0.1672065,0.0949316,0.4964604,0.06466866,9,8,8,8
"312",4,10,2,256,0.5,0.3,10,963027,0.373669,0.3731923,0.3738734,0.3832828,-229.1868,-229.1169,-229.2519,-231.8066,0.1511669,0.07988548,0.09722543,0.060431,8,8,8,8
"313",2,10,2,625,0.5,0.3,10,82687,0.8127577,0.8191793,0.8112539,0.8418847,-798.1859,-807.0734,-797.8407,-835.1963,0.3316052,0.08813143,0.08724046,0.06246614,4,4,4,4
"314",3,10,2,625,0.5,0.3,10,46762,0.440408,0.4422764,0.4410284,0.4565332,-607.156,-611.8532,-607.8812,-631.0463,0.6307025,0.1834834,0.1570172,0.09485555,8,7,7,7
"315",4,10,2,625,0.5,0.3,10,997995,0.3804112,0.3848048,0.3802937,0.3908875,-559.8956,-564.9291,-559.455,-580.788,0.5797739,0.1568112,0.1728981,0.1019223,9,9,9,8
"316",2,10,2,1089,0.5,0.3,10,127502,0.7464265,0.7502408,0.7434133,0.7892353,-1320.296,-1333.465,-1319.923,-1414.725,1.000271,0.1243808,0.1467857,0.08325648,4,5,5,4
"317",3,10,2,1089,0.5,0.3,10,931346,0.4059663,0.4074282,0.4074059,0.4299037,-984.3741,-1000.716,-985.9314,-1040.564,2.084491,0.2758644,0.3722434,0.240314,12,12,12,12
"318",4,10,2,1089,0.5,0.3,10,646783,0.3435034,0.3441177,0.3444665,0.3694716,-933.0558,-941.1177,-934.1151,-992.6596,1.504601,0.1927793,0.2307899,0.1587214,8,8,8,8
"319",2,10,2,2025,0.5,0.3,10,411296,0.6811329,0.7022328,0.6928706,0.8285422,-2276.414,-2369.73,-2285.946,-2684.826,3.98669,0.1997371,0.3093679,0.1481514,5,5,5,4
"320",3,10,2,2025,0.5,0.3,10,341810,0.3836801,0.3906706,0.3855111,0.4496076,-1755.626,-1791.578,-1758.011,-2003.128,5.557848,0.3437133,0.430325,0.3278859,9,8,8,9
"321",4,10,2,2025,0.5,0.3,10,158177,0.3453855,0.3530627,0.3466888,0.4266892,-1680.979,-1723.636,-1681.942,-1966.51,5.204416,0.3597703,0.4526021,0.3086338,9,9,9,9
"322",2,10,2,4096,0.5,0.3,10,615910,0.5876537,0.6092453,0.6022201,0.8080799,-4051.276,-4256.214,-4095.846,-5385.45,16.61504,0.3990147,0.5769167,0.2993124,5,5,6,4
"323",3,10,2,4096,0.5,0.3,10,853541,0.352,0.3685763,0.3587376,0.5030083,-3235.58,-3379.358,-3252.787,-4279.02,25.46993,0.7773902,1.019142,0.8971903,10,10,10,11
"324",4,10,2,4096,0.5,0.3,10,939021,0.2803816,0.2930072,0.28419,0.3984331,-2969.626,-3094.681,-2984.745,-3848.523,21.8388,0.6697848,0.9303803,0.5855081,8,8,8,8
"325",2,10,2,8100,0.5,0.3,10,577501,0.5367679,0.5753942,0.5840833,0.8641689,-7023.623,-7614.481,-7252.407,-10898.91,60.95393,0.9448183,1.138549,0.7272446,5,5,6,5
"326",3,10,2,8100,0.5,0.3,10,449973,0.3094687,0.3266596,0.318371,0.4663393,-5627.342,-6029.709,-5705.333,-8193.288,118.4997,2.055731,2.575016,2.12945,13,12,13,14
"327",4,10,2,8100,0.5,0.3,10,392161,0.2335535,0.2452226,0.237987,0.3944232,-5050.362,-5363.232,-5110.335,-7741.959,89.65267,1.83609,2.057219,1.353052,9,9,9,9
"328",2,10,2,16900,0.5,0.3,10,966098,0.4251316,0.4532646,0.4687394,0.7883805,-12163.69,-13597.66,-12714.95,-21976.61,306.9015,1.995854,2.42398,1.610629,5,6,6,5
"329",3,10,2,16900,0.5,0.3,10,784717,0.2434696,0.261439,0.2583013,0.4911397,-9331.197,-10315.92,-9577.892,-17436.29,1070.437,8.023918,10.61299,9.409789,24,24,24,29
"330",4,10,2,16900,0.5,0.3,10,221016,0.1951223,0.2080328,0.1989068,0.3958021,-8582.698,-9450.406,-8713.488,-15893.82,454.1777,2.816642,3.856352,3.108154,9,9,9,9
"810",1,10,2,32400,0.5,0.3,10,949620,0.925791,0.1083475,0.1032356,0.1716448,0,0,0,0,-1,1.268231,1.613292,1.225946,-1,2,2,2
"910",1,10,2,74529,0.5,0.3,10,2032,0.9850629,0.09064574,0.08557853,0.1738938,0,0,0,0,-1,2.7779,3.837761,2.494062,-1,2,2,2
"1010",1,10,2,149769,0.5,0.3,10,220954,0.9609269,0.07450382,0.06956506,0.173224,0,0,0,0,-1,8.766621,16.48586,8.96891,-1,2,2,2
"1110",1,10,2,302500,0.5,0.3,10,67495,0.9111724,0.06236698,0.05795266,0.1720647,0,0,0,0,-1,57.89247,79.56437,50.05425,-1,2,2,2
"1910",1,10,2,32400,0.5,0.3,10,897045,0.970158,0.1088157,0.1040282,0.1724419,0,0,0,0,-1,5.020766,7.468003,4.644286,-1,2,2,2
"2010",1,10,2,74529,0.5,0.3,10,541786,0.8978795,0.09050989,0.08548755,0.1737126,0,0,0,0,-1,12.93651,17.1847,11.28991,-1,2,2,2
"2110",1,10,2,149769,0.5,0.3,10,635689,0.9083093,0.07561426,0.07047646,0.1722628,0,0,0,0,-1,26.49489,35.3439,23.29584,-1,2,2,2
"2210",1,10,2,302500,0.5,0.3,10,187888,0.9658679,0.06646657,0.06217081,0.1724867,0,0,0,0,-1,54.8578,73.20327,44.86984,-1,2,2,2
"3010",1,10,2,32400,0.5,0.3,10,679023,0.9662868,0.1090915,0.1039678,0.1747371,0,0,0,0,-1,4.906074,7.023997,4.644774,-1,2,2,2
"3110",1,10,2,74529,0.5,0.3,10,342788,1.049348,0.09175379,0.08676472,0.1737708,0,0,0,0,-1,11.88639,17.57253,11.79533,-1,2,2,2
"3210",1,10,2,149769,0.5,0.3,10,609312,0.9514042,0.07745229,0.07261313,0.1724153,0,0,0,0,-1,24.20972,35.4402,22.4604,-1,2,2,2
"331",1,10,2,302500,0.5,0.3,10,44372,0.9811856,0.06299564,0.05852865,0.1729165,0,0,0,0,-1,55.80918,70.91945,47.59703,-1,2,2,2
"411",1,10,2,32400,0.5,0.3,10,239108,0.9430701,0.1083866,0.1036812,0.1757396,0,0,0,0,-1,4.871264,6.850754,4.65577,-1,2,2,2
"421",1,10,2,74529,0.5,0.3,10,379723,1.04244,0.08983972,0.08482491,0.1737622,0,0,0,0,-1,11.73974,18.65356,10.83683,-1,2,2,2
"431",1,10,2,149769,0.5,0.3,10,884527,1.019077,0.07635369,0.07164521,0.1730172,0,0,0,0,-1,29.41514,45.14682,27.46247,-1,2,2,2
"441",1,10,2,302500,0.5,0.3,10,577900,1.00572,0.06359874,0.0592181,0.1723368,0,0,0,0,-1,41.13854,64.94055,46.71762,-1,2,2,2
"521",1,10,2,32400,0.5,0.3,10,847412,0.9554547,0.1094369,0.1048634,0.172132,0,0,0,0,-1,3.582575,5.220136,3.422296,-1,2,2,2
"531",1,10,2,74529,0.5,0.3,10,65221,1.069169,0.08888503,0.08371898,0.1727157,0,0,0,0,-1,8.214667,11.56292,7.37958,-1,2,2,2
"541",1,10,2,149769,0.5,0.3,10,294872,1.050713,0.07599695,0.07120259,0.173792,0,0,0,0,-1,16.88887,23.5586,14.41664,-1,2,2,2
"551",1,10,2,302500,0.5,0.3,10,924390,1.002805,0.0628361,0.05827297,0.1726872,0,0,0,0,-1,20.10648,24.71824,15.78275,-1,2,2,2
"631",1,10,2,32400,0.5,0.3,10,935366,0.9956281,0.1084491,0.1041865,0.1727579,0,0,0,0,-1,1.585192,2.047976,1.567569,-1,2,2,2
"641",1,10,2,74529,0.5,0.3,10,517997,0.9738081,0.08807856,0.08318829,0.1711398,0,0,0,0,-1,3.290257,4.353768,3.66184,-1,2,2,2
"651",1,10,2,149769,0.5,0.3,10,829683,0.9522018,0.07822119,0.07353151,0.1726373,0,0,0,0,-1,6.914729,8.794134,6.031539,-1,2,2,2
"661",1,10,2,302500,0.5,0.3,10,895006,1.026422,0.06315439,0.05882512,0.1722234,0,0,0,0,-1,13.11961,15.42993,10.5122,-1,2,2,2
"741",1,10,2,32400,0.5,0.3,10,581302,1.04462,0.1051523,0.1006046,0.1700647,0,0,0,0,-1,1.126028,1.491286,1.074452,-1,2,2,2
"751",1,10,2,74529,0.5,0.3,10,697709,0.9524891,0.09240957,0.08741935,0.172541,0,0,0,0,-1,2.655572,3.556274,2.402962,-1,2,2,2
"761",1,10,2,149769,0.5,0.3,10,924929,0.9726565,0.07658252,0.07174701,0.1737398,0,0,0,0,-1,5.489094,7.252205,5.074082,-1,2,2,2
"771",1,10,2,302500,0.5,0.3,10,104295,1.092605,0.06083923,0.05635407,0.17386,0,0,0,0,-1,25.07603,16.86103,17.22383,-1,2,2,2
"851",1,10,2,32400,0.5,0.3,10,591013,1.056764,0.1073698,0.1023488,0.1724799,0,0,0,0,-1,1.195456,1.48051,1.018509,-1,2,2,2
"861",1,10,2,74529,0.5,0.3,10,102855,1.028728,0.09060795,0.08586695,0.1724081,0,0,0,0,-1,2.65724,3.601307,2.529383,-1,2,2,2
"871",1,10,2,149769,0.5,0.3,10,923446,0.9566934,0.07386572,0.06891085,0.1723322,0,0,0,0,-1,5.684912,7.262693,5.371652,-1,2,2,2
"881",1,10,2,302500,0.5,0.3,10,428971,1.042743,0.06271933,0.0581672,0.1732913,0,0,0,0,-1,12.42967,26.26997,10.1105,-1,2,2,2
"961",1,10,2,32400,0.5,0.3,10,162490,1.018082,0.1091295,0.1042945,0.1715861,0,0,0,0,-1,1.702983,1.615349,1.150485,-1,2,2,2
"971",1,10,2,74529,0.5,0.3,10,304274,0.9996133,0.08881081,0.08377583,0.1720183,0,0,0,0,-1,2.57718,3.425412,2.492781,-1,2,2,2
"981",1,10,2,149769,0.5,0.3,10,571518,1.015124,0.07502358,0.07006029,0.1737634,0,0,0,0,-1,6.273863,7.288723,5.049036,-1,2,2,2
"991",1,10,2,302500,0.5,0.3,10,305250,0.9658582,0.06225071,0.05766566,0.172829,0,0,0,0,-1,21.76566,31.37093,19.61754,-1,2,2,2
"1071",1,10,2,32400,0.5,0.3,10,474695,0.9683957,0.110874,0.1057911,0.1734916,0,0,0,0,-1,2.014627,3.13611,2.042224,-1,2,2,2
"1081",1,10,2,74529,0.5,0.3,10,306784,0.9965575,0.09199534,0.08701341,0.1723219,0,0,0,0,-1,5.002694,7.788985,4.850156,-1,2,2,2
"1091",1,10,2,149769,0.5,0.3,10,196909,1.068958,0.07597945,0.07092418,0.1747852,0,0,0,0,-1,11.65242,14.51146,10.65058,-1,2,2,2
"1101",1,10,2,302500,0.5,0.3,10,409310,0.8883535,0.06067892,0.05605605,0.171445,0,0,0,0,-1,13.63491,15.87535,10.77245,-1,2,2,2
"1100",1,10,2,256,0.5,0.3,10,415492,0.1697206,0.1696648,0.1697152,0.170412,0,0,0,0,0.2043633,0.3232248,0.05219817,0.02240992,2,2,2,2
"2100",1,10,2,625,0.5,0.3,10,397639,0.1735339,0.174905,0.1736168,0.1768434,0,0,0,0,0.2879357,0.03357649,0.04378438,0.02973461,2,2,2,2
"332",1,10,2,1089,0.5,0.3,10,728841,0.1747886,0.1774114,0.1749629,0.1865601,0,0,0,0,1.792445,0.08616996,0.08704662,0.05828714,2,2,2,2
"410",1,10,2,2025,0.5,0.3,10,566425,0.1610468,0.1620057,0.1611325,0.1755836,0,0,0,0,4.595577,0.1052334,0.1394031,0.09354901,2,2,2,2
"510",1,10,2,4096,0.5,0.3,10,424823,0.1452428,0.148386,0.1454295,0.1736201,0,0,0,0,14.28339,0.1756001,0.2271307,0.1753018,2,2,2,2
"610",1,10,2,8100,0.5,0.3,10,195173,0.1364553,0.1400245,0.1365428,0.1777853,0,0,0,0,46.11443,0.3443346,0.4409022,0.3414986,2,2,2,2
"710",1,10,2,16900,0.5,0.3,10,326068,0.118256,0.1229141,0.1185673,0.1746594,0,0,0,0,248.8043,0.8058453,0.9911976,0.6879289,2,2,2,2
"811",1,10,2,256,0.5,0.3,10,578316,0.1566356,0.157445,0.1566394,0.1579253,0,0,0,0,0.1160309,0.02771854,0.4019194,0.03478622,2,2,2,2
"911",1,10,2,625,0.5,0.3,10,807758,0.1687853,0.1686753,0.1688291,0.1735338,0,0,0,0,0.2971625,0.03241515,0.04839706,0.03366232,2,2,2,2
"1011",1,10,2,1089,0.5,0.3,10,196535,0.1628994,0.1638084,0.1629183,0.1730473,0,0,0,0,1.037681,0.05589342,0.08673811,0.05476761,2,2,2,2
"1111",1,10,2,2025,0.5,0.3,10,753399,0.1513374,0.1534125,0.1513722,0.1686916,0,0,0,0,2.990973,0.103884,0.1389482,0.1164377,2,2,2,2
"1210",1,10,2,4096,0.5,0.3,10,260501,0.1498943,0.1526724,0.1499653,0.1766539,0,0,0,0,12.81646,0.2070463,0.2601931,0.2036128,2,2,2,2
"1310",1,10,2,8100,0.5,0.3,10,34804,0.1376201,0.141292,0.137776,0.1752996,0,0,0,0,48.74341,0.2919078,0.3507593,0.2789783,2,2,2,2
"1410",1,10,2,16900,0.5,0.3,10,531726,0.1197159,0.1239682,0.1198037,0.1751223,0,0,0,0,226.4497,0.653641,1.06552,0.548964,2,2,2,2
"1510",1,10,2,256,0.5,0.3,10,411317,0.1909557,0.1909372,0.1909369,0.1920005,0,0,0,0,0.08116102,0.02664542,0.04191804,0.02456188,2,2,2,2
"1610",1,10,2,625,0.5,0.3,10,82065,0.1761942,0.178168,0.1761969,0.1815657,0,0,0,0,0.4455714,0.04053879,0.05360675,0.03807378,2,2,2,2
"1710",1,10,2,1089,0.5,0.3,10,148190,0.1685374,0.1694216,0.1685967,0.176982,0,0,0,0,0.9614527,0.05843616,0.08692861,0.05644846,2,2,2,2
"1810",1,10,2,2025,0.5,0.3,10,8790,0.1621001,0.163747,0.1621571,0.1775489,0,0,0,0,3.265778,0.1030927,0.127296,0.09964848,2,2,2,2
"1911",1,10,2,4096,0.5,0.3,10,9449,0.1448173,0.1478003,0.1447348,0.1694551,0,0,0,0,13.6578,0.1913021,0.2527912,0.17191,2,2,2,2
"2011",1,10,2,8100,0.5,0.3,10,800521,0.1326572,0.1362933,0.132823,0.172511,0,0,0,0,53.52977,0.3686705,0.4644005,0.3649464,2,2,2,2
"2111",1,10,2,16900,0.5,0.3,10,403836,0.11984,0.1243729,0.1197283,0.1747267,0,0,0,0,247.4356,0.7588429,0.9726326,0.639487,2,2,2,2
"2211",1,10,2,256,0.5,0.3,10,277053,0.1715264,0.1713397,0.1715292,0.1727634,0,0,0,0,0.05666137,0.02148247,0.3865843,0.01758862,2,2,2,2
"2310",1,10,2,625,0.5,0.3,10,159599,0.161072,0.1613456,0.1611062,0.1656468,0,0,0,0,0.3891521,0.03765297,0.05909228,0.0431478,2,2,2,2
"2410",1,10,2,1089,0.5,0.3,10,85142,0.1469213,0.1469639,0.147031,0.1546533,0,0,0,0,1.01434,0.04968882,0.07894802,0.05504608,2,2,2,2
"2510",1,10,2,2025,0.5,0.3,10,827039,0.156123,0.1579785,0.1563349,0.1696578,0,0,0,0,3.193347,0.08730125,0.1340272,0.09485006,2,2,2,2
"2610",1,10,2,4096,0.5,0.3,10,388335,0.1458776,0.1486886,0.1459611,0.1721342,0,0,0,0,12.82082,0.1830602,0.2675252,0.1865349,2,2,2,2
"2710",1,10,2,8100,0.5,0.3,10,918790,0.1350431,0.1388177,0.1349963,0.1739214,0,0,0,0,53.24186,0.3470979,0.4820549,0.3550367,2,2,2,2
"2810",1,10,2,16900,0.5,0.3,10,458068,0.1171831,0.1211925,0.1173693,0.1726162,0,0,0,0,248.6352,0.7318544,0.9675121,0.7077374,2,2,2,2
"2910",1,10,2,256,0.5,0.3,10,927,0.1690344,0.1689336,0.1690166,0.1708353,0,0,0,0,0.07767415,0.03064466,0.981437,0.02927184,2,2,2,2
"3011",1,10,2,625,0.5,0.3,10,459262,0.1622058,0.162745,0.1622023,0.1679193,0,0,0,0,0.3855615,0.03486681,0.06135535,0.0375917,2,2,2,2
"3111",1,10,2,1089,0.5,0.3,10,516840,0.1639464,0.1661504,0.1641411,0.1759473,0,0,0,0,1.025718,0.06040621,0.09619331,0.06215477,2,2,2,2
"3211",1,10,2,2025,0.5,0.3,10,76148,0.1530848,0.1545519,0.1531557,0.1655553,0,0,0,0,3.305144,0.1133659,0.1500185,0.1100185,2,2,2,2
"333",1,10,2,4096,0.5,0.3,10,673702,0.1485207,0.1511919,0.1485291,0.1753183,0,0,0,0,13.10537,0.1808362,0.2693739,0.1965756,2,2,2,2
"341",1,10,2,8100,0.5,0.3,10,479819,0.1309959,0.1351356,0.1308858,0.1728441,0,0,0,0,49.58094,0.3828623,0.4621038,0.366909,2,2,2,2
"351",1,10,2,16900,0.5,0.3,10,403900,0.1189047,0.1236595,0.1190332,0.1744847,0,0,0,0,234.4821,0.5945086,0.7735655,0.5487833,2,2,2,2
"361",1,10,2,256,0.5,0.3,10,332669,0.1756602,0.1756089,0.1756863,0.1774142,0,0,0,0,0.0998404,0.02545142,0.04546475,0.02531505,2,2,2,2
"371",1,10,2,625,0.5,0.3,10,902128,0.1805566,0.1812825,0.1805543,0.1853882,0,0,0,0,0.3674154,0.04048467,0.05677104,0.03985357,2,2,2,2
"381",1,10,2,1089,0.5,0.3,10,794372,0.1607576,0.1612467,0.160921,0.1706448,0,0,0,0,1.059097,0.05675697,0.08343625,0.05479193,2,2,2,2
"391",1,10,2,2025,0.5,0.3,10,681330,0.1604758,0.1611625,0.1605174,0.1752015,0,0,0,0,3.395659,0.09562635,0.1488521,0.08914852,2,2,2,2
"401",1,10,2,4096,0.5,0.3,10,983015,0.1402703,0.1426658,0.1404327,0.167086,0,0,0,0,11.94807,0.1564612,0.2133536,0.154918,2,2,2,2
"412",1,10,2,8100,0.5,0.3,10,221571,0.1299794,0.1337627,0.130179,0.1696977,0,0,0,0,44.50086,0.3043838,0.3520458,0.2709126,2,2,2,2
"422",1,10,2,16900,0.5,0.3,10,947812,0.118823,0.1231381,0.1188626,0.1749762,0,0,0,0,240.8078,0.9789999,0.7353821,0.6665599,2,2,2,2
"432",1,10,2,256,0.5,0.3,10,557279,0.1861942,0.1863827,0.1862049,0.1869851,0,0,0,0,0.0898869,0.02423644,0.1246216,0.02752781,2,2,2,2
"442",1,10,2,625,0.5,0.3,10,966689,0.1643955,0.1656235,0.1644761,0.168342,0,0,0,0,0.3651986,0.03508425,0.04915524,0.03774643,2,2,2,2
"451",1,10,2,1089,0.5,0.3,10,742231,0.1697052,0.1715433,0.1699424,0.177824,0,0,0,0,1.027795,0.07221317,0.09086919,0.06662464,2,2,2,2
"461",1,10,2,2025,0.5,0.3,10,907044,0.1486377,0.1509346,0.1488883,0.1634688,0,0,0,0,3.341737,0.09180665,0.150054,0.09249711,2,2,2,2
"471",1,10,2,4096,0.5,0.3,10,992850,0.1488501,0.1516261,0.1488513,0.174934,0,0,0,0,12.79793,0.1624408,0.2222121,0.1517513,2,2,2,2
"481",1,10,2,8100,0.5,0.3,10,910928,0.1329546,0.1365317,0.1332682,0.173423,0,0,0,0,50.3947,0.3736746,0.4363165,0.3463042,2,2,2,2
"491",1,10,2,16900,0.5,0.3,10,541748,0.122103,0.1262739,0.1223239,0.1760394,0,0,0,0,239.0334,0.5714583,0.9437408,0.688972,2,2,2,2
"501",1,10,2,256,0.5,0.3,10,939829,0.1569743,0.15673,0.1569693,0.1565891,0,0,0,0,0.09504628,0.0248704,0.04628158,0.0228467,2,2,2,2
"511",1,10,2,625,0.5,0.3,10,701802,0.1668061,0.1674657,0.1667917,0.1725896,0,0,0,0,0.4158843,0.04173422,0.05957055,0.04596901,2,2,2,2
"522",1,10,2,1089,0.5,0.3,10,836058,0.147529,0.149092,0.1476922,0.1556941,0,0,0,0,1.491181,0.05306458,0.09517121,0.05751038,2,2,2,2
"532",1,10,2,2025,0.5,0.3,10,151226,0.1641165,0.1660956,0.1642789,0.1794059,0,0,0,0,2.667203,0.1022019,0.1376498,0.1011555,2,2,2,2
"542",1,10,2,4096,0.5,0.3,10,801007,0.1371751,0.1397697,0.137206,0.1634864,0,0,0,0,14.14208,0.2009189,0.3043969,0.2022262,2,2,2,2
"552",1,10,2,8100,0.5,0.3,10,845818,0.1339354,0.1369418,0.1340224,0.1749262,0,0,0,0,50.1856,0.317147,0.390852,0.2919445,2,2,2,2
"561",1,10,2,16900,0.5,0.3,10,92559,0.116447,0.1203204,0.1164928,0.17011,0,0,0,0,239.1288,0.6756628,0.8093061,0.6712589,2,2,2,2
"571",1,10,2,256,0.5,0.3,10,773615,0.1553833,0.1560312,0.1553742,0.1582778,0,0,0,0,0.06129527,0.0283289,0.06598544,0.02582288,2,2,2,2
"581",1,10,2,625,0.5,0.3,10,496794,0.1733918,0.174611,0.1734312,0.1789212,0,0,0,0,0.262135,0.03897142,0.04437017,0.03315592,2,2,2,2
"591",1,10,2,1089,0.5,0.3,10,974272,0.1630029,0.1635716,0.1629694,0.1721642,0,0,0,0,0.7718496,0.05481243,0.06804299,0.04532099,2,2,2,2
"601",1,10,2,2025,0.5,0.3,10,562480,0.151942,0.153252,0.1518489,0.1671298,0,0,0,0,3.187917,0.08236957,0.2430582,0.1183281,2,2,2,2
"611",1,10,2,4096,0.5,0.3,10,590235,0.144012,0.1465338,0.1439159,0.1689519,0,0,0,0,11.74963,0.1446972,0.2071722,0.1451805,2,2,2,2
"621",1,10,2,8100,0.5,0.3,10,866558,0.1349779,0.1385604,0.1352168,0.1754857,0,0,0,0,45.10208,0.2850313,0.6628621,0.2725995,2,2,2,2
"632",1,10,2,16900,0.5,0.3,10,16647,0.1169498,0.1214178,0.1171334,0.171456,0,0,0,0,238.6146,0.7508917,1.206014,0.6559386,2,2,2,2
"642",1,10,2,256,0.5,0.3,10,945975,0.1578487,0.1585133,0.1578283,0.1597606,0,0,0,0,0.08988261,0.02839184,0.04215455,0.02643895,2,2,2,2
"652",1,10,2,625,0.5,0.3,10,258179,0.1618743,0.1614375,0.1619439,0.1649556,0,0,0,0,0.3411787,0.04022861,0.05957627,0.03839254,2,2,2,2
"662",1,10,2,1089,0.5,0.3,10,862360,0.1740436,0.1755196,0.174138,0.1823924,0,0,0,0,0.9034624,0.05970001,0.07925057,0.05083251,2,2,2,2
"671",1,10,2,2025,0.5,0.3,10,644306,0.1528003,0.1553539,0.1530824,0.1721867,0,0,0,0,3.255568,0.08105922,0.1344557,0.09181452,2,2,2,2
"681",1,10,2,4096,0.5,0.3,10,995988,0.1514994,0.154863,0.1516856,0.1784111,0,0,0,0,12.85762,0.2119696,0.2653699,0.1916189,2,2,2,2
"691",1,10,2,8100,0.5,0.3,10,279137,0.1383257,0.1424286,0.1384202,0.1785053,0,0,0,0,49.07623,0.3650973,0.4883144,0.3734765,2,2,2,2
"701",1,10,2,16900,0.5,0.3,10,231695,0.1167929,0.1208964,0.1169262,0.1717424,0,0,0,0,234.9695,0.7653949,0.9788485,0.7261822,2,2,2,2
